description,comment
Promise ring stage ğŸ’— so in love with the rose box ğŸ˜ #pandora #pandorajewelry #disney #promisering #couples #bestie #pandoraring #heartring #pink,ğŸ’ğŸ’ğŸ’
Promise ring stage ğŸ’— so in love with the rose box ğŸ˜ #pandora #pandorajewelry #disney #promisering #couples #bestie #pandoraring #heartring #pink,Wowâ¤ï¸
Promise ring stage ğŸ’— so in love with the rose box ğŸ˜ #pandora #pandorajewelry #disney #promisering #couples #bestie #pandoraring #heartring #pink,ğŸ¥°ğŸ¥°ğŸ¥°ğŸ¥°ğŸ¥°
Promise ring stage ğŸ’— so in love with the rose box ğŸ˜ #pandora #pandorajewelry #disney #promisering #couples #bestie #pandoraring #heartring #pink,ini brpa ka
Promise ring stage ğŸ’— so in love with the rose box ğŸ˜ #pandora #pandorajewelry #disney #promisering #couples #bestie #pandoraring #heartring #pink,@â™ï¸ lucu yo
Promise ring stage ğŸ’— so in love with the rose box ğŸ˜ #pandora #pandorajewelry #disney #promisering #couples #bestie #pandoraring #heartring #pink,@M:DÃ­a 2 esperando a q se de cuenta
Promise ring stage ğŸ’— so in love with the rose box ğŸ˜ #pandora #pandorajewelry #disney #promisering #couples #bestie #pandoraring #heartring #pink,mag kano
So in love with my mans ğŸ˜ #pandora #pandorajewelry #disney #promisering #couples #bestie #pandoraring #heartring #pink,ğŸ˜³ğŸ˜³
So in love with my mans ğŸ˜ #pandora #pandorajewelry #disney #promisering #couples #bestie #pandoraring #heartring #pink,Price
So in love with my mans ğŸ˜ #pandora #pandorajewelry #disney #promisering #couples #bestie #pandoraring #heartring #pink,How much is it?
So in love with my mans ğŸ˜ #pandora #pandorajewelry #disney #promisering #couples #bestie #pandoraring #heartring #pink,Ğ´Ğ°Ğ¹Ñ‚Ğµ Ğ°Ñ€Ñ‚Ğ¸ĞºÑƒĞ» Ğ¿Ğ¾Ğ¶Ğ°Ğ»ÑƒÑÑ‚Ğ¾ ğŸ™
So in love with my mans ğŸ˜ #pandora #pandorajewelry #disney #promisering #couples #bestie #pandoraring #heartring #pink,@Dimas
Our forever rose bear with custom engraved necklace available now on our shop ğŸ˜ #pandora #pandorajewelry #disney #promisering #couples #bestie #pandoraring,what price how to order
Our forever rose bear with custom engraved necklace available now on our shop ğŸ˜ #pandora #pandorajewelry #disney #promisering #couples #bestie #pandoraring,how to buy it?
Our forever rose bear with custom engraved necklace available now on our shop ğŸ˜ #pandora #pandorajewelry #disney #promisering #couples #bestie #pandoraring,Shop location?
Our forever rose bear with custom engraved necklace available now on our shop ğŸ˜ #pandora #pandorajewelry #disney #promisering #couples #bestie #pandoraring,how to order
Our forever rose bear with custom engraved necklace available now on our shop ğŸ˜ #pandora #pandorajewelry #disney #promisering #couples #bestie #pandoraring,omggg
Our forever rose bear with custom engraved necklace available now on our shop ğŸ˜ #pandora #pandorajewelry #disney #promisering #couples #bestie #pandoraring,how to order
Our forever rose bear with custom engraved necklace available now on our shop ğŸ˜ #pandora #pandorajewelry #disney #promisering #couples #bestie #pandoraring,@fidel au LğŸ˜»ğŸ˜»ğŸ¤­â¤
Our forever rose bear with custom engraved necklace available now on our shop ğŸ˜ #pandora #pandorajewelry #disney #promisering #couples #bestie #pandoraring,"contare cada vez q me aparezca I WANNA BE YOURS # 1,324"
Our forever rose bear with custom engraved necklace available now on our shop ğŸ˜ #pandora #pandorajewelry #disney #promisering #couples #bestie #pandoraring,ÑĞº Ğ·Ğ°Ğ¼Ğ¾Ğ²Ğ¸Ñ‚Ğ¸
Our forever rose bear with custom engraved necklace available now on our shop ğŸ˜ #pandora #pandorajewelry #disney #promisering #couples #bestie #pandoraring,keren
So in love ğŸ˜ Our new Forever Rose Bear available on our shop now ğŸ’— #pandora #pandorajewelry #disney #promisering #couples #bestie #pandoraring #heartring,how to order
So in love ğŸ˜ Our new Forever Rose Bear available on our shop now ğŸ’— #pandora #pandorajewelry #disney #promisering #couples #bestie #pandoraring #heartring,ğŸ¥º
So in love ğŸ˜ Our new Forever Rose Bear available on our shop now ğŸ’— #pandora #pandorajewelry #disney #promisering #couples #bestie #pandoraring #heartring,ğŸ˜ğŸ˜ğŸ˜ğŸ˜
So in love ğŸ˜ Our new Forever Rose Bear available on our shop now ğŸ’— #pandora #pandorajewelry #disney #promisering #couples #bestie #pandoraring #heartring,@ğŸ’˜charğŸ’˜x if only yk who gave me this x
So in love ğŸ˜ Our new Forever Rose Bear available on our shop now ğŸ’— #pandora #pandorajewelry #disney #promisering #couples #bestie #pandoraring #heartring,this is so cute
So in love ğŸ˜ Our new Forever Rose Bear available on our shop now ğŸ’— #pandora #pandorajewelry #disney #promisering #couples #bestie #pandoraring #heartring,ğŸ”¥ğŸ”¥
So in love ğŸ˜ Our new Forever Rose Bear available on our shop now ğŸ’— #pandora #pandorajewelry #disney #promisering #couples #bestie #pandoraring #heartring,ğŸ˜
So in love ğŸ˜ Our new Forever Rose Bear available on our shop now ğŸ’— #pandora #pandorajewelry #disney #promisering #couples #bestie #pandoraring #heartring,@ĞœĞ°Ğ Ğ°Ğ¢ĞºĞ
So in love ğŸ˜ Our new Forever Rose Bear available on our shop now ğŸ’— #pandora #pandorajewelry #disney #promisering #couples #bestie #pandoraring #heartring,ğŸ˜ğŸ˜ğŸ˜
So in love ğŸ˜ Our new Forever Rose Bear available on our shop now ğŸ’— #pandora #pandorajewelry #disney #promisering #couples #bestie #pandoraring #heartring,@CğŸ’« ykw
So in love ğŸ˜ Our new Forever Rose Bear available on our shop now ğŸ’— #pandora #pandorajewelry #disney #promisering #couples #bestie #pandoraring #heartring,@MTBNicholas
So in love ğŸ˜ Our new Forever Rose Bear available on our shop now ğŸ’— #pandora #pandorajewelry #disney #promisering #couples #bestie #pandoraring #heartring,@Bennie baby I wantğŸ¥ºğŸ˜‚
So in love ğŸ˜ Our new Forever Rose Bear available on our shop now ğŸ’— #pandora #pandorajewelry #disney #promisering #couples #bestie #pandoraring #heartring,@fancyflexğŸ’«
So in love ğŸ˜ Our new Forever Rose Bear available on our shop now ğŸ’— #pandora #pandorajewelry #disney #promisering #couples #bestie #pandoraring #heartring,ğŸ¥°
So in love ğŸ˜ Our new Forever Rose Bear available on our shop now ğŸ’— #pandora #pandorajewelry #disney #promisering #couples #bestie #pandoraring #heartring,Hook
So in love ğŸ˜ Our new Forever Rose Bear available on our shop now ğŸ’— #pandora #pandorajewelry #disney #promisering #couples #bestie #pandoraring #heartring,ooooo
So in love ğŸ˜ Our new Forever Rose Bear available on our shop now ğŸ’— #pandora #pandorajewelry #disney #promisering #couples #bestie #pandoraring #heartring,@Jamie Clark .
So in love ğŸ˜ Our new Forever Rose Bear available on our shop now ğŸ’— #pandora #pandorajewelry #disney #promisering #couples #bestie #pandoraring #heartring,@Manusha Pc à¶¸à¶§à¶­à·Š à¶…à¶»à¶œà·™à¶± ğŸ¥º
So in love ğŸ˜ Our new Forever Rose Bear available on our shop now ğŸ’— #pandora #pandorajewelry #disney #promisering #couples #bestie #pandoraring #heartring,@Veronikaâ™¡ï¸ ğŸ˜ğŸ˜
So in love ğŸ˜ Our new Forever Rose Bear available on our shop now ğŸ’— #pandora #pandorajewelry #disney #promisering #couples #bestie #pandoraring #heartring,@yourgirl.r
So in love with our new Rose Bear ğŸ§¸ğŸ˜ #pandora #pandorajewelry #disney #promisering #couples #bestie #pandoraring #heartring #pink #teddybear,@A | HãŠ™ï¸
So in love with our new Rose Bear ğŸ§¸ğŸ˜ #pandora #pandorajewelry #disney #promisering #couples #bestie #pandoraring #heartring #pink #teddybear,â¤ï¸
So in love with our new Rose Bear ğŸ§¸ğŸ˜ #pandora #pandorajewelry #disney #promisering #couples #bestie #pandoraring #heartring #pink #teddybear,@â­ï¸essâ­ï¸
So in love with our new Rose Bear ğŸ§¸ğŸ˜ #pandora #pandorajewelry #disney #promisering #couples #bestie #pandoraring #heartring #pink #teddybear,@scorpio262211
So in love with our new Rose Bear ğŸ§¸ğŸ˜ #pandora #pandorajewelry #disney #promisering #couples #bestie #pandoraring #heartring #pink #teddybear,beli sendiriğŸ˜­
So in love with our new Rose Bear ğŸ§¸ğŸ˜ #pandora #pandorajewelry #disney #promisering #couples #bestie #pandoraring #heartring #pink #teddybear,@026%
So in love with our new Rose Bear ğŸ§¸ğŸ˜ #pandora #pandorajewelry #disney #promisering #couples #bestie #pandoraring #heartring #pink #teddybear,@yyyyy
So in love with our new Rose Bear ğŸ§¸ğŸ˜ #pandora #pandorajewelry #disney #promisering #couples #bestie #pandoraring #heartring #pink #teddybear,@Khurt Russel ğŸ˜Š
So in love with our new Rose Bear ğŸ§¸ğŸ˜ #pandora #pandorajewelry #disney #promisering #couples #bestie #pandoraring #heartring #pink #teddybear,@luvs ğŸ‘‰ğŸ‘ˆğŸ« 
So in love with our new Rose Bear ğŸ§¸ğŸ˜ #pandora #pandorajewelry #disney #promisering #couples #bestie #pandoraring #heartring #pink #teddybear,@kyky peterson
So in love with our new Rose Bear ğŸ§¸ğŸ˜ #pandora #pandorajewelry #disney #promisering #couples #bestie #pandoraring #heartring #pink #teddybear,nice video
So in love with our new Rose Bear ğŸ§¸ğŸ˜ #pandora #pandorajewelry #disney #promisering #couples #bestie #pandoraring #heartring #pink #teddybear,@Josh Houghton
So in love with our new Rose Bear ğŸ§¸ğŸ˜ #pandora #pandorajewelry #disney #promisering #couples #bestie #pandoraring #heartring #pink #teddybear,@Jaydenjones.13
So in love with our new Rose Bear ğŸ§¸ğŸ˜ #pandora #pandorajewelry #disney #promisering #couples #bestie #pandoraring #heartring #pink #teddybear,@Owner_Flyyâš¡
So in love with our new Rose Bear ğŸ§¸ğŸ˜ #pandora #pandorajewelry #disney #promisering #couples #bestie #pandoraring #heartring #pink #teddybear,@My Love. @NSH..ğŸ’ğŸ’ğŸ’
So in love with our new Rose Bear ğŸ§¸ğŸ˜ #pandora #pandorajewelry #disney #promisering #couples #bestie #pandoraring #heartring #pink #teddybear,@m ğŸ˜˜
So in love with our new Rose Bear ğŸ§¸ğŸ˜ #pandora #pandorajewelry #disney #promisering #couples #bestie #pandoraring #heartring #pink #teddybear,I need this ğŸ˜
So in love with our new Rose Bear ğŸ§¸ğŸ˜ #pandora #pandorajewelry #disney #promisering #couples #bestie #pandoraring #heartring #pink #teddybear,âœŒï¸
So in love with our new Rose Bear ğŸ§¸ğŸ˜ #pandora #pandorajewelry #disney #promisering #couples #bestie #pandoraring #heartring #pink #teddybear,delivery to Pakistan?
Our all new Rose Bears available now on our shop! ğŸ˜ #pandora #pandorajewelry #disney #promisering #couples #bestie #pandoraring #heartring #pink #teddybear,@-â˜¾ğ“¶ğ“¸ğ“¸ğ“·._.ğ“µğ“²ğ“°ğ“±ğ“½â˜½- @..MoOn..ğŸ¦‹ğŸ¥€ @ÛŒØ´ÙÛŒÙ°ğŸŒ¸ @Hãƒ ä¹™ä¹‡LğŸ¦‹ğŸ«¶ğŸ–¤ @âœ¨Queen ğŸ‘‘âœ¨ @Esra KhanğŸ¦‹ girls I want ğŸ¥ºğŸ¥ºğŸ¥º
Our all new Rose Bears available now on our shop! ğŸ˜ #pandora #pandorajewelry #disney #promisering #couples #bestie #pandoraring #heartring #pink #teddybear,promise ring â˜ºï¸
Our all new Rose Bears available now on our shop! ğŸ˜ #pandora #pandorajewelry #disney #promisering #couples #bestie #pandoraring #heartring #pink #teddybear,Delivery to Germany?
Our all new Rose Bears available now on our shop! ğŸ˜ #pandora #pandorajewelry #disney #promisering #couples #bestie #pandoraring #heartring #pink #teddybear,cuteeğŸ¥º
Our all new Rose Bears available now on our shop! ğŸ˜ #pandora #pandorajewelry #disney #promisering #couples #bestie #pandoraring #heartring #pink #teddybear,@solettttt
Our all new Rose Bears available now on our shop! ğŸ˜ #pandora #pandorajewelry #disney #promisering #couples #bestie #pandoraring #heartring #pink #teddybear,ğŸ˜ğŸ˜ğŸ˜
Our all new Rose Bears available now on our shop! ğŸ˜ #pandora #pandorajewelry #disney #promisering #couples #bestie #pandoraring #heartring #pink #teddybear,@adityaâ™¡Â´ï½¥á´—ï½¥`â™¡ Ê™á´‡sá´á´‹ á´‹Éªá´›á´€ Ê™á´‡ÊŸÉª á´˜á´€s á´€á´… á´…á´œÉªá´›ğŸ—¿
Our all new Rose Bears available now on our shop! ğŸ˜ #pandora #pandorajewelry #disney #promisering #couples #bestie #pandoraring #heartring #pink #teddybear,@sazindux ğŸ˜¶
Our all new Rose Bears available now on our shop! ğŸ˜ #pandora #pandorajewelry #disney #promisering #couples #bestie #pandoraring #heartring #pink #teddybear,man ku kenağŸ˜ğŸ˜@UÍœÍ¡rÍœÍ¡ MÍœÍ¡oÍœÍ¡mÍœÍ¡mÍœÍ¡yÍœÍ¡ğŸ§›ğŸ¿ğŸ•·ğŸ•¸
Our all new Rose Bears available now on our shop! ğŸ˜ #pandora #pandorajewelry #disney #promisering #couples #bestie #pandoraring #heartring #pink #teddybear,@ldb ğŸ¥ºğŸ¥º
Our all new Rose Bears available now on our shop! ğŸ˜ #pandora #pandorajewelry #disney #promisering #couples #bestie #pandoraring #heartring #pink #teddybear,@NaVoRaShUğŸ’‹ğŸ°ğŸ¤ ğŸ¥ºâ™¥ï¸
Our all new Rose Bears available now on our shop! ğŸ˜ #pandora #pandorajewelry #disney #promisering #couples #bestie #pandoraring #heartring #pink #teddybear,@Tobias ğŸ˜
Our all new Rose Bears available now on our shop! ğŸ˜ #pandora #pandorajewelry #disney #promisering #couples #bestie #pandoraring #heartring #pink #teddybear,@nanağŸ’« ğŸ˜­
Our all new Rose Bears available now on our shop! ğŸ˜ #pandora #pandorajewelry #disney #promisering #couples #bestie #pandoraring #heartring #pink #teddybear,@lillyğŸ§¸ I should get u this ngl
Our all new Rose Bears available now on our shop! ğŸ˜ #pandora #pandorajewelry #disney #promisering #couples #bestie #pandoraring #heartring #pink #teddybear,dear future husband
Our all new Rose Bears available now on our shop! ğŸ˜ #pandora #pandorajewelry #disney #promisering #couples #bestie #pandoraring #heartring #pink #teddybear,@Raffi maooooo
Our all new Rose Bears available now on our shop! ğŸ˜ #pandora #pandorajewelry #disney #promisering #couples #bestie #pandoraring #heartring #pink #teddybear,@ğ˜¿ ğ˜¼ ğ™ ğ™ª ğ™ª ğŸ¦• ğŸ˜«
Our all new Rose Bears available now on our shop! ğŸ˜ #pandora #pandorajewelry #disney #promisering #couples #bestie #pandoraring #heartring #pink #teddybear,@Thally x you ğŸ˜­
Promise Rings available on our shop ğŸ˜ #pandora #pandorajewelry #disney #promisering #couples #bestie #pandoraring #heartring #pink,You guys need to do a black rose bro
Promise Rings available on our shop ğŸ˜ #pandora #pandorajewelry #disney #promisering #couples #bestie #pandoraring #heartring #pink,Shop location??plzzzzğŸ¥º
Promise Rings available on our shop ğŸ˜ #pandora #pandorajewelry #disney #promisering #couples #bestie #pandoraring #heartring #pink,"if you have green then I'll buy it, it's my GFS favorite color"
Promise Rings available on our shop ğŸ˜ #pandora #pandorajewelry #disney #promisering #couples #bestie #pandoraring #heartring #pink,PUT THIS ON HIS FYPPPPP
Promise Rings available on our shop ğŸ˜ #pandora #pandorajewelry #disney #promisering #couples #bestie #pandoraring #heartring #pink,@Countryboyy12
Promise Rings available on our shop ğŸ˜ #pandora #pandorajewelry #disney #promisering #couples #bestie #pandoraring #heartring #pink,@Zayden Farr
Promise Rings available on our shop ğŸ˜ #pandora #pandorajewelry #disney #promisering #couples #bestie #pandoraring #heartring #pink,@Ryder Plant ğŸˆ
Promise Rings available on our shop ğŸ˜ #pandora #pandorajewelry #disney #promisering #couples #bestie #pandoraring #heartring #pink,@Preston
Promise Rings available on our shop ğŸ˜ #pandora #pandorajewelry #disney #promisering #couples #bestie #pandoraring #heartring #pink,cara cek out nya gimama min
Promise Rings available on our shop ğŸ˜ #pandora #pandorajewelry #disney #promisering #couples #bestie #pandoraring #heartring #pink,berapa minn tolong di balas cara pesan nyağŸ™
Promise Rings available on our shop ğŸ˜ #pandora #pandorajewelry #disney #promisering #couples #bestie #pandoraring #heartring #pink,@Tangmo
Promise Rings available on our shop ğŸ˜ #pandora #pandorajewelry #disney #promisering #couples #bestie #pandoraring #heartring #pink,@Fikram60 yg Kya gini loh ğŸ˜­
Promise Rings available on our shop ğŸ˜ #pandora #pandorajewelry #disney #promisering #couples #bestie #pandoraring #heartring #pink,@farhann_
Promise Rings available on our shop ğŸ˜ #pandora #pandorajewelry #disney #promisering #couples #bestie #pandoraring #heartring #pink,@SanyiğŸ‘Œâ¤V.N ğŸ¤—â¤ â¤ï¸â¤ï¸
Promise Rings available on our shop ğŸ˜ #pandora #pandorajewelry #disney #promisering #couples #bestie #pandoraring #heartring #pink,kalo beli ini include sama cowonya gasi??
Promise Rings available on our shop ğŸ˜ #pandora #pandorajewelry #disney #promisering #couples #bestie #pandoraring #heartring #pink,Ğ°Ñ€Ñ‚Ğ¸ĞºÑƒĞ» Ğ¿Ğ¶
Promise Rings available on our shop ğŸ˜ #pandora #pandorajewelry #disney #promisering #couples #bestie #pandoraring #heartring #pink,"I want buy it , Vietnam ğŸ‡»ğŸ‡³"
Promise Rings available on our shop ğŸ˜ #pandora #pandorajewelry #disney #promisering #couples #bestie #pandoraring #heartring #pink,plis lewat fyp cowoku sana
Promise Rings available on our shop ğŸ˜ #pandora #pandorajewelry #disney #promisering #couples #bestie #pandoraring #heartring #pink,@UNITEÂ²Â² lucu
Promise Rings available on our shop ğŸ˜ #pandora #pandorajewelry #disney #promisering #couples #bestie #pandoraring #heartring #pink,@afr_83 hihiğŸ¥°
Promise rings >> so in love ğŸ˜ #pandora #pandorajewelry #disney #promisering #couples #bestie #pandoraring #heartring #pink,i want and need this ğŸ˜ğŸ˜
Promise rings >> so in love ğŸ˜ #pandora #pandorajewelry #disney #promisering #couples #bestie #pandoraring #heartring #pink,@Kolton N Dryden
Promise rings >> so in love ğŸ˜ #pandora #pandorajewelry #disney #promisering #couples #bestie #pandoraring #heartring #pink,@yogirlluvme1101 ğŸ™
Promise rings >> so in love ğŸ˜ #pandora #pandorajewelry #disney #promisering #couples #bestie #pandoraring #heartring #pink,@ğŸ˜”AidenFurlowğŸ˜”
Promise rings >> so in love ğŸ˜ #pandora #pandorajewelry #disney #promisering #couples #bestie #pandoraring #heartring #pink,ğŸ˜­ğŸ˜­ğŸ˜­
Promise rings >> so in love ğŸ˜ #pandora #pandorajewelry #disney #promisering #couples #bestie #pandoraring #heartring #pink,@Isaac
Promise rings >> so in love ğŸ˜ #pandora #pandorajewelry #disney #promisering #couples #bestie #pandoraring #heartring #pink,@mccoyreal2
Promise rings >> so in love ğŸ˜ #pandora #pandorajewelry #disney #promisering #couples #bestie #pandoraring #heartring #pink,@Brady peaseeeeeeeee
Promise rings >> so in love ğŸ˜ #pandora #pandorajewelry #disney #promisering #couples #bestie #pandoraring #heartring #pink,@ğ“œğ“ªğ“·ğ“·ğ“²ğ” ğ“§ğ“²ğ“¸ğ“·ğ“°
Promise rings >> so in love ğŸ˜ #pandora #pandorajewelry #disney #promisering #couples #bestie #pandoraring #heartring #pink,mag kano po Yan?ğŸ˜ğŸ˜
Promise rings >> so in love ğŸ˜ #pandora #pandorajewelry #disney #promisering #couples #bestie #pandoraring #heartring #pink,@ğ–£‚ğ–£‚ not_gioğ–£‚ğ–£‚
This necklace is so pretty im in love ğŸ’— #pandora #pandorajewelry #disney #promisering #couples #bestie #pandoraring #heartring #pink,i wishhh i would get a promise ring or necklace already ğŸ˜”ğŸ˜”
This necklace is so pretty im in love ğŸ’— #pandora #pandorajewelry #disney #promisering #couples #bestie #pandoraring #heartring #pink,ğŸ’€close to a year ion get nun
This necklace is so pretty im in love ğŸ’— #pandora #pandorajewelry #disney #promisering #couples #bestie #pandoraring #heartring #pink,Lowk wanna get her 1
This necklace is so pretty im in love ğŸ’— #pandora #pandorajewelry #disney #promisering #couples #bestie #pandoraring #heartring #pink,@-â¤ï¸ğŸ§¸- ğŸ¥°baee
This necklace is so pretty im in love ğŸ’— #pandora #pandorajewelry #disney #promisering #couples #bestie #pandoraring #heartring #pink,how to order?
This necklace is so pretty im in love ğŸ’— #pandora #pandorajewelry #disney #promisering #couples #bestie #pandoraring #heartring #pink,I got oneğŸ¥°
This necklace is so pretty im in love ğŸ’— #pandora #pandorajewelry #disney #promisering #couples #bestie #pandoraring #heartring #pink,@ğŸŒ¾skylerğŸŒ¾
This necklace is so pretty im in love ğŸ’— #pandora #pandorajewelry #disney #promisering #couples #bestie #pandoraring #heartring #pink,@Emily Elizabeth ğŸ˜ğŸ¶
This necklace is so pretty im in love ğŸ’— #pandora #pandorajewelry #disney #promisering #couples #bestie #pandoraring #heartring #pink,@locally_hated
This necklace is so pretty im in love ğŸ’— #pandora #pandorajewelry #disney #promisering #couples #bestie #pandoraring #heartring #pink,@UndercoverKawaiiCatmal
This necklace is so pretty im in love ğŸ’— #pandora #pandorajewelry #disney #promisering #couples #bestie #pandoraring #heartring #pink,ğŸ¤©
This necklace is so pretty im in love ğŸ’— #pandora #pandorajewelry #disney #promisering #couples #bestie #pandoraring #heartring #pink,ğŸ¥°â˜ºï¸
This necklace is so pretty im in love ğŸ’— #pandora #pandorajewelry #disney #promisering #couples #bestie #pandoraring #heartring #pink,$$
This necklace is so pretty im in love ğŸ’— #pandora #pandorajewelry #disney #promisering #couples #bestie #pandoraring #heartring #pink,â¤ğŸ’šğŸ’“â¤ï¸
This necklace is so pretty im in love ğŸ’— #pandora #pandorajewelry #disney #promisering #couples #bestie #pandoraring #heartring #pink,gandaa
This necklace is so pretty im in love ğŸ’— #pandora #pandorajewelry #disney #promisering #couples #bestie #pandoraring #heartring #pink,Hanya orang2 beruntung yg dapatin ini dari pasangannyağŸ˜Š
This necklace is so pretty im in love ğŸ’— #pandora #pandorajewelry #disney #promisering #couples #bestie #pandoraring #heartring #pink,Hm
This necklace is so pretty im in love ğŸ’— #pandora #pandorajewelry #disney #promisering #couples #bestie #pandoraring #heartring #pink,how to order po
This necklace is so pretty im in love ğŸ’— #pandora #pandorajewelry #disney #promisering #couples #bestie #pandoraring #heartring #pink,hpw much po yung box..? tnx po
So in love omg its so pretty ğŸ˜ #pandora #pandorajewelry #disney #promisering #couples #bestie #pandoraring #heartring #pink,are there any rings for men
So in love omg its so pretty ğŸ˜ #pandora #pandorajewelry #disney #promisering #couples #bestie #pandoraring #heartring #pink,Please put this on his fyp
So in love omg its so pretty ğŸ˜ #pandora #pandorajewelry #disney #promisering #couples #bestie #pandoraring #heartring #pink,How early is to early I need to know ğŸ™
So in love omg its so pretty ğŸ˜ #pandora #pandorajewelry #disney #promisering #couples #bestie #pandoraring #heartring #pink,I love it sooo much
So in love omg its so pretty ğŸ˜ #pandora #pandorajewelry #disney #promisering #couples #bestie #pandoraring #heartring #pink,@farhanniax my birthdayğŸ˜…
So in love omg its so pretty ğŸ˜ #pandora #pandorajewelry #disney #promisering #couples #bestie #pandoraring #heartring #pink,pretty ğŸ’—
So in love omg its so pretty ğŸ˜ #pandora #pandorajewelry #disney #promisering #couples #bestie #pandoraring #heartring #pink,@Isaac
So in love omg its so pretty ğŸ˜ #pandora #pandorajewelry #disney #promisering #couples #bestie #pandoraring #heartring #pink,@sam
So in love omg its so pretty ğŸ˜ #pandora #pandorajewelry #disney #promisering #couples #bestie #pandoraring #heartring #pink,@FillipieğŸ‡»ğŸ‡ª
So in love omg its so pretty ğŸ˜ #pandora #pandorajewelry #disney #promisering #couples #bestie #pandoraring #heartring #pink,Pretty
So in love omg its so pretty ğŸ˜ #pandora #pandorajewelry #disney #promisering #couples #bestie #pandoraring #heartring #pink,@CIYOTğŸ¦§
So in love omg its so pretty ğŸ˜ #pandora #pandorajewelry #disney #promisering #couples #bestie #pandoraring #heartring #pink,@olav
So in love omg its so pretty ğŸ˜ #pandora #pandorajewelry #disney #promisering #couples #bestie #pandoraring #heartring #pink,ada yang mau?
So in love omg its so pretty ğŸ˜ #pandora #pandorajewelry #disney #promisering #couples #bestie #pandoraring #heartring #pink,á€á€šá€ºá€œá€­á€¯á€·á€›á€œá€¬á€—á€»á€¬
So in love omg its so pretty ğŸ˜ #pandora #pandorajewelry #disney #promisering #couples #bestie #pandoraring #heartring #pink,à¦ªà§à¦²à¦¿à¦œ à¦°à¦¿à¦ªà¦²à¦¾à¦‡ ğŸ™‚
So in love omg its so pretty ğŸ˜ #pandora #pandorajewelry #disney #promisering #couples #bestie #pandoraring #heartring #pink,à¦ªà§à¦°à¦¾à¦‡à¦œ à¦•à¦¤ à¦­à¦¾à¦‡????
So in love omg its so pretty ğŸ˜ #pandora #pandorajewelry #disney #promisering #couples #bestie #pandoraring #heartring #pink,@rizan bntr lagi 1th nih
So in love omg its so pretty ğŸ˜ #pandora #pandorajewelry #disney #promisering #couples #bestie #pandoraring #heartring #pink,cicin nya dari apa ksk
So in love omg its so pretty ğŸ˜ #pandora #pandorajewelry #disney #promisering #couples #bestie #pandoraring #heartring #pink,@Leon
